projects,111
global,108
zones,84
instances,52
regions,51
b,37
operations,23
o,19
clusters,15
aggregated,15
groups,14
datasets,14
serviceAccounts,13
subscriptions,12
instanceGroupManagers,12
deployments,12
acl,12
targetPools,11
forwardingRules,11
users,10
topics,9
jobs,9
instanceGroups,9
addresses,9
tables,8
rollingUpdates,8
managedZones,8
debuggees,8
urlMaps,7
trainedmodels,7
disks,7
backendServices,7
autoscalers,7
testIamPermissions,6
targetHttpsProxies,6
setIamPolicy,6
organizations,6
images,6
httpsHealthChecks,6
httpHealthChecks,6
getIamPolicy,6
firewalls,6
defaultObjectAcl,6
databases,6
cancel,6
breakpoints,6
vpnTunnels,5
targetVpnGateways,5
targetInstances,5
targetHttpProxies,5
subnetworks,5
sinks,5
metrics,5
debugger,5
sslCerts,4
sslCertificates,4
routes,4
nodePools,4
networks,4
metricDescriptors,4
keys,4
instanceTemplates,4
builds,4
traces,3
stop,3
snapshots,3
monitoredResourceDescriptors,3
machineTypes,3
diskTypes,3
controller,3
changes,3
backupRuns,3
upload,2
undelete,2
transferJobs,2
timeSeries,2
setUrlMap,2
setTarget,2
rollback,2
resume,2
resources,2
resize,2
queries,2
predict,2
pause,2
manifests,2
list,2
getHealth,2
events,2
write,1
watch,1
validate,1
types,1
tiers,1
submit,1
storage,1
stopReplica,1
startReplica,1
start,1
signBlob,1
setUsageExportBucket,1
setTargetPools,1
setTags,1
setSslCertificates,1
setScheduling,1
setNamedPorts,1
setMetadata,1
setMachineType,1
setInstanceTemplate,1
setDiskAutoDelete,1
setCommonInstanceMetadata,1
setBackup,1
set,1
serverconfig,1
serialPort,1
runQuery,1
rrsets,1
rewriteTo,1
restoreBackup,1
restart,1
resetSslConfig,1
reset,1
removePublicKey,1
removeMember,1
removeInstances,1
removeInstance,1
removeHealthCheck,1
register,1
recreateInstances,1
queryGrantableRoles,1
pull,1
publish,1
promoteReplica,1
project,1
moveInstance,1
moveDisk,1
modifyPushConfig,1
modifyAckDeadline,1
members,1
lookup,1
logs,1
listManagedInstances,1
listInstances,1
linuxAccountViews,1
licenses,1
instanceUpdates,1
insertAll,1
import,1
hostedmodels,1
groupStats,1
googleServiceAccounts,1
getPolicyDetails,1
flags,1
family,1
failover,1
export,1
diagnose,1
detachDisk,1
deprecate,1
deleteInstances,1
deleteAccessConfig,1
data,1
createSnapshot,1
createEphemeral,1
copyTo,1
compose,1
commit,1
collectdTimeSeries,1
clone,1
channels,1
cancelPreview,1
bigquery,1
beginTransaction,1
authorizedKeysView,1
attachDisk,1
analyze,1
allocateIds,1
addPublicKey,1
addMember,1
addInstances,1
addInstance,1
addHealthCheck,1
addAccessConfig,1
acknowledge,1
abandonInstances,1
