"Term","Kind","Quantity","Case","Hyphens","Underscores","Business","Occurrences"
"client","Noun","Singular","Lower","No","No","Yes","563"
"api","Noun","Singular","Lower","No","No","No","563"
"uploadVolume","Verb","Singular","Camel","No","No","Yes","1"
"uploadSslCert","Verb","Singular","Camel","No","No","Yes","1"
"uploadCustomCertificate","Verb","Singular","Camel","No","No","Yes","1"
"upgradeRouterTemplate","Verb","Singular","Camel","No","No","Yes","1"
"updateZone","Verb","Singular","Camel","No","No","Yes","1"
"updateVpnGateway","Verb","Singular","Camel","No","No","Yes","1"
"updateVpnCustomerGateway","Verb","Singular","Camel","No","No","Yes","1"
"updateVpnConnection","Verb","Singular","Camel","No","No","Yes","1"
"updateVolume","Verb","Singular","Camel","No","No","Yes","1"
"updateVmNicIp","Verb","Singular","Camel","No","No","Yes","1"
"updateVirtualMachine","Verb","Singular","Camel","No","No","Yes","1"
"updateVPCOffering","Verb","Singular","Camel","No","No","Yes","1"
"updateVPC","Verb","Singular","Camel","No","No","Yes","1"
"updateVMAffinityGroup","Verb","Singular","Camel","No","No","Yes","1"
"updateUser","Verb","Singular","Camel","No","No","Yes","1"
"updateTrafficType","Verb","Singular","Camel","No","No","Yes","1"
"updateTemplatePermissions","Verb","Plural","Camel","No","No","Yes","1"
"updateTemplate","Verb","Singular","Camel","No","No","Yes","1"
"updateStoragePool","Verb","Singular","Camel","No","No","Yes","1"
"updateStorageNetworkIpRange","Verb","Singular","Camel","No","No","Yes","1"
"updateSnapshotPolicy","Verb","Singular","Camel","No","No","Yes","1"
"updateServiceOffering","Verb","Singular","Camel","No","No","Yes","1"
"updateRolePermission","Verb","Singular","Camel","No","No","Yes","1"
"updateRole","Verb","Singular","Camel","No","No","Yes","1"
"updateResourceLimit","Verb","Singular","Camel","No","No","Yes","1"
"updateResourceCount","Verb","Singular","Camel","No","No","Yes","1"
"updateRemoteAccessVpn","Verb","Singular","Camel","No","No","Yes","1"
"updateRegion","Verb","Singular","Camel","No","No","Yes","1"
"updateProjectInvitation","Verb","Singular","Camel","No","No","Yes","1"
"updateProject","Verb","Singular","Camel","No","No","Yes","1"
"updatePortForwardingRule","Verb","Singular","Camel","No","No","Yes","1"
"updatePod","Verb","Singular","Camel","No","No","Yes","1"
"updatePhysicalNetwork","Verb","Singular","Camel","No","No","Yes","1"
"updateNuageVspDevice","Verb","Singular","Camel","No","No","Yes","1"
"updateNetworkServiceProvider","Verb","Singular","Camel","No","No","Yes","1"
"updateNetworkOffering","Verb","Singular","Camel","No","No","Yes","1"
"updateNetworkACLList","Verb","Singular","Camel","No","No","Yes","1"
"updateNetworkACLItem","Verb","Singular","Camel","No","No","Yes","1"
"updateNetwork","Verb","Singular","Camel","No","No","Yes","1"
"updateLoadBalancerRule","Verb","Singular","Camel","No","No","Yes","1"
"updateLoadBalancer","Verb","Singular","Camel","No","No","Yes","1"
"updateLBStickinessPolicy","Verb","Singular","Camel","No","No","Yes","1"
"updateLBHealthCheckPolicy","Verb","Singular","Camel","No","No","Yes","1"
"updateIsoPermissions","Verb","Plural","Camel","No","No","Yes","1"
"updateIso","Verb","Singular","Camel","No","No","Yes","1"
"updateIpAddress","Verb","Plural","Camel","No","No","Yes","1"
"updateInstanceGroup","Verb","Singular","Camel","No","No","Yes","1"
"updateHypervisorCapabilities","Verb","Plural","Camel","No","No","Yes","1"
"updateHostPassword","Verb","Singular","Camel","No","No","Yes","1"
"updateHost","Verb","Singular","Camel","No","No","Yes","1"
"updateGuestOsMapping","Verb","Singular","Camel","No","No","Yes","1"
"updateGuestOs","Verb","Plural","Camel","No","No","Yes","1"
"updateGlobalLoadBalancerRule","Verb","Singular","Camel","No","No","Yes","1"
"updateFirewallRule","Verb","Singular","Camel","No","No","Yes","1"
"updateEgressFirewallRule","Verb","Singular","Camel","No","No","Yes","1"
"updateDomain","Verb","Singular","Camel","No","No","Yes","1"
"updateDiskOffering","Verb","Singular","Camel","No","No","Yes","1"
"updateDefaultNicForVirtualMachine","Verb","Singular","Camel","No","No","Yes","1"
"updateConfiguration","Verb","Singular","Camel","No","No","Yes","1"
"updateCluster","Verb","Singular","Camel","No","No","Yes","1"
"updateCloudToUseObjectStore","Verb","Singular","Camel","No","No","Yes","1"
"updateAutoScaleVmProfile","Verb","Singular","Camel","No","No","Yes","1"
"updateAutoScaleVmGroup","Verb","Singular","Camel","No","No","Yes","1"
"updateAutoScalePolicy","Verb","Singular","Camel","No","No","Yes","1"
"updateAccount","Verb","Singular","Camel","No","No","Yes","1"
"suspendProject","Verb","Singular","Camel","No","No","Yes","1"
"stopVirtualMachine","Verb","Singular","Camel","No","No","Yes","1"
"stopSystemVm","Verb","Singular","Camel","No","No","Yes","1"
"stopRouter","Verb","Singular","Camel","No","No","Yes","1"
"stopInternalLoadBalancerVM","Verb","Singular","Camel","No","No","Yes","1"
"startVirtualMachine","Verb","Singular","Camel","No","No","Yes","1"
"startSystemVm","Verb","Singular","Camel","No","No","Yes","1"
"startRouter","Verb","Singular","Camel","No","No","Yes","1"
"startInternalLoadBalancerVM","Verb","Singular","Camel","No","No","Yes","1"
"searchLdap","Verb","Singular","Camel","No","No","Yes","1"
"scaleVirtualMachine","Verb","Singular","Camel","No","No","Yes","1"
"scaleSystemVm","Verb","Singular","Camel","No","No","Yes","1"
"samlSso","Noun","Singular","Camel","No","No","Yes","1"
"samlSlo","Noun","Singular","Camel","No","No","Yes","1"
"revokeSecurityGroupIngress","Verb","Plural","Camel","No","No","Yes","1"
"revokeSecurityGroupEgress","Verb","Plural","Camel","No","No","Yes","1"
"revertToVMSnapshot","Verb","Singular","Camel","No","No","Yes","1"
"revertSnapshot","Verb","Singular","Camel","No","No","Yes","1"
"restoreVirtualMachine","Verb","Singular","Camel","No","No","Yes","1"
"restartVPC","Verb","Singular","Camel","No","No","Yes","1"
"restartNetwork","Verb","Singular","Camel","No","No","Yes","1"
"resizeVolume","Verb","Singular","Camel","No","No","Yes","1"
"resetVpnConnection","Verb","Singular","Camel","No","No","Yes","1"
"resetSSHKeyForVirtualMachine","Verb","Singular","Camel","No","No","Yes","1"
"resetPasswordForVirtualMachine","Verb","Singular","Camel","No","No","Yes","1"
"resetApiLimit","Verb","Singular","Camel","No","No","Yes","1"
"replaceNetworkACLList","Verb","Singular","Camel","No","No","Yes","1"
"removeVpnUser","Verb","Singular","Camel","No","No","Yes","1"
"removeVmwareDc","Verb","Singular","Camel","No","No","Yes","1"
"removeResourceDetail","Verb","Singular","Camel","No","No","Yes","1"
"removeRegion","Verb","Singular","Camel","No","No","Yes","1"
"removeRawUsageRecords","Verb","Plural","Camel","No","No","Yes","1"
"removeNicFromVirtualMachine","Verb","Singular","Camel","No","No","Yes","1"
"removeIpFromNic","Verb","Singular","Camel","No","No","Yes","1"
"removeGuestOsMapping","Verb","Singular","Camel","No","No","Yes","1"
"removeGuestOs","Verb","Plural","Camel","No","No","Yes","1"
"removeFromLoadBalancerRule","Verb","Singular","Camel","No","No","Yes","1"
"removeFromGlobalLoadBalancerRule","Verb","Singular","Camel","No","No","Yes","1"
"removeCertFromLoadBalancer","Verb","Singular","Camel","No","No","Yes","1"
"releasePublicIpRange","Verb","Singular","Camel","No","No","Yes","1"
"releaseHostReservation","Verb","Singular","Camel","No","No","Yes","1"
"releaseDedicatedZone","Verb","Singular","Camel","No","No","Yes","1"
"releaseDedicatedPod","Verb","Singular","Camel","No","No","Yes","1"
"releaseDedicatedHost","Verb","Singular","Camel","No","No","Yes","1"
"releaseDedicatedGuestVlanRange","Verb","Singular","Camel","No","No","Yes","1"
"releaseDedicatedCluster","Verb","Singular","Camel","No","No","Yes","1"
"registerUserKeys","Verb","Plural","Camel","No","No","Yes","1"
"registerTemplate","Verb","Singular","Camel","No","No","Yes","1"
"registerSSHKeyPair","Verb","Singular","Camel","No","No","Yes","1"
"registerIso","Verb","Singular","Camel","No","No","Yes","1"
"recoverVirtualMachine","Verb","Singular","Camel","No","No","Yes","1"
"reconnectHost","Verb","Singular","Camel","No","No","Yes","1"
"rebootVirtualMachine","Verb","Singular","Camel","No","No","Yes","1"
"rebootSystemVm","Verb","Singular","Camel","No","No","Yes","1"
"rebootRouter","Verb","Singular","Camel","No","No","Yes","1"
"quotaUpdate","Verb","Singular","Camel","No","No","Yes","1"
"quotaTariffUpdate","Verb","Singular","Camel","No","No","Yes","1"
"quotaTariffList","Noun","Singular","Camel","No","No","Yes","1"
"quotaStatement","Noun","Singular","Camel","No","No","Yes","1"
"quotaIsEnabled","Noun","Singular","Camel","No","No","Yes","1"
"quotaEmailTemplateUpdate","Verb","Singular","Camel","No","No","Yes","1"
"quotaEmailTemplateList","Noun","Singular","Camel","No","No","Yes","1"
"quotaCredits","Noun","Plural","Camel","No","No","Yes","1"
"quotaBalance","Noun","Singular","Camel","No","No","Yes","1"
"queryAsyncJobResult","Verb","Singular","Camel","No","No","Yes","1"
"prepareTemplate","Verb","Singular","Camel","No","No","Yes","1"
"prepareHostForMaintenance","Verb","Singular","Camel","No","No","Yes","1"
"notifyBaremetalProvisionDone","Verb","Singular","Camel","No","No","Yes","1"
"modifyPool","Verb","Singular","Camel","No","No","Yes","1"
"migrateVolume","Verb","Singular","Camel","No","No","Yes","1"
"migrateVirtualMachineWithVolume","Verb","Singular","Camel","No","No","Yes","1"
"migrateVirtualMachine","Verb","Singular","Camel","No","No","Yes","1"
"migrateSystemVm","Verb","Singular","Camel","No","No","Yes","1"
"markDefaultZoneForAccount","Verb","Singular","Camel","No","No","Yes","1"
"logout","Verb","Singular","Lower","No","No","Yes","1"
"login","Verb","Singular","Lower","No","No","Yes","1"
"lockUser","Verb","Singular","Camel","No","No","Yes","1"
"lockAccount","Verb","Singular","Camel","No","No","Yes","1"
"listZones","Verb","Plural","Camel","No","No","Yes","1"
"listVpnUsers","Verb","Plural","Camel","No","No","Yes","1"
"listVpnGateways","Verb","Plural","Camel","No","No","Yes","1"
"listVpnCustomerGateways","Verb","Plural","Camel","No","No","Yes","1"
"listVpnConnections","Verb","Plural","Camel","No","No","Yes","1"
"listVolumesOnFiler","Verb","Singular","Camel","No","No","Yes","1"
"listVolumes","Verb","Plural","Camel","No","No","Yes","1"
"listVmwareDcs","Verb","Plural","Camel","No","No","Yes","1"
"listVlanIpRanges","Verb","Plural","Camel","No","No","Yes","1"
"listVirtualRouterElements","Verb","Plural","Camel","No","No","Yes","1"
"listVirtualMachines","Verb","Plural","Camel","No","No","Yes","1"
"listVPCs","Verb","Plural","Camel","No","No","Yes","1"
"listVPCOfferings","Verb","Plural","Camel","No","No","Yes","1"
"listVMSnapshot","Verb","Singular","Camel","No","No","Yes","1"
"listUsers","Verb","Plural","Camel","No","No","Yes","1"
"listUsageTypes","Verb","Plural","Camel","No","No","Yes","1"
"listUsageRecords","Verb","Plural","Camel","No","No","Yes","1"
"listUcsProfiles","Verb","Plural","Camel","No","No","Yes","1"
"listUcsManagers","Verb","Plural","Camel","No","No","Yes","1"
"listUcsBlades","Verb","Plural","Camel","No","No","Yes","1"
"listTrafficTypes","Verb","Plural","Camel","No","No","Yes","1"
"listTrafficTypeImplementors","Verb","Plural","Camel","No","No","Yes","1"
"listTrafficMonitors","Verb","Plural","Camel","No","No","Yes","1"
"listTemplates","Verb","Plural","Camel","No","No","Yes","1"
"listTemplatePermissions","Verb","Plural","Camel","No","No","Yes","1"
"listTags","Verb","Plural","Camel","No","No","Yes","1"
"listSystemVms","Verb","Plural","Camel","No","No","Yes","1"
"listSwifts","Verb","Plural","Camel","No","No","Yes","1"
"listSupportedNetworkServices","Verb","Plural","Camel","No","No","Yes","1"
"listStorageTags","Verb","Plural","Camel","No","No","Yes","1"
"listStorageProviders","Verb","Plural","Camel","No","No","Yes","1"
"listStoragePools","Verb","Plural","Camel","No","No","Yes","1"
"listStorageNetworkIpRange","Verb","Singular","Camel","No","No","Yes","1"
"listStaticRoutes","Verb","Plural","Camel","No","No","Yes","1"
"listSslCerts","Verb","Plural","Camel","No","No","Yes","1"
"listSrxFirewalls","Verb","Plural","Camel","No","No","Yes","1"
"listSrxFirewallNetworks","Verb","Plural","Camel","No","No","Yes","1"
"listSnapshots","Verb","Plural","Camel","No","No","Yes","1"
"listSnapshotPolicies","Verb","Plural","Camel","No","No","Yes","1"
"listServiceOfferings","Verb","Plural","Camel","No","No","Yes","1"
"listSecurityGroups","Verb","Plural","Camel","No","No","Yes","1"
"listSecondaryStagingStores","Verb","Plural","Camel","No","No","Yes","1"
"listSamlAuthorization","Verb","Singular","Camel","No","No","Yes","1"
"listSSHKeyPairs","Verb","Plural","Camel","No","No","Yes","1"
"listRouters","Verb","Plural","Camel","No","No","Yes","1"
"listRoles","Verb","Plural","Camel","No","No","Yes","1"
"listRolePermissions","Verb","Plural","Camel","No","No","Yes","1"
"listResourceLimits","Verb","Plural","Camel","No","No","Yes","1"
"listResourceDetails","Verb","Plural","Camel","No","No","Yes","1"
"listRemoteAccessVpns","Verb","Plural","Camel","No","No","Yes","1"
"listRegions","Verb","Plural","Camel","No","No","Yes","1"
"listPublicIpAddresses","Verb","Plural","Camel","No","No","Yes","1"
"listProjects","Verb","Plural","Camel","No","No","Yes","1"
"listProjectInvitations","Verb","Plural","Camel","No","No","Yes","1"
"listProjectAccounts","Verb","Plural","Camel","No","No","Yes","1"
"listPrivateGateways","Verb","Plural","Camel","No","No","Yes","1"
"listPortableIpRanges","Verb","Plural","Camel","No","No","Yes","1"
"listPortForwardingRules","Verb","Plural","Camel","No","No","Yes","1"
"listPools","Verb","Plural","Camel","No","No","Yes","1"
"listPods","Verb","Plural","Camel","No","No","Yes","1"
"listPhysicalNetworks","Verb","Plural","Camel","No","No","Yes","1"
"listPaloAltoFirewalls","Verb","Plural","Camel","No","No","Yes","1"
"listPaloAltoFirewallNetworks","Verb","Plural","Camel","No","No","Yes","1"
"listOvsElements","Verb","Plural","Camel","No","No","Yes","1"
"listOsTypes","Verb","Plural","Camel","No","No","Yes","1"
"listOsCategories","Verb","Plural","Camel","No","No","Yes","1"
"listOpenDaylightControllers","Verb","Plural","Camel","No","No","Yes","1"
"listNuageVspDevices","Verb","Plural","Camel","No","No","Yes","1"
"listNics","Verb","Plural","Camel","No","No","Yes","1"
"listNiciraNvpDevices","Verb","Plural","Camel","No","No","Yes","1"
"listNiciraNvpDeviceNetworks","Verb","Plural","Camel","No","No","Yes","1"
"listNetworks","Verb","Plural","Camel","No","No","Yes","1"
"listNetworkServiceProviders","Verb","Plural","Camel","No","No","Yes","1"
"listNetworkOfferings","Verb","Plural","Camel","No","No","Yes","1"
"listNetworkIsolationMethods","Verb","Plural","Camel","No","No","Yes","1"
"listNetworkDevice","Verb","Singular","Camel","No","No","Yes","1"
"listNetworkACLs","Verb","Plural","Camel","No","No","Yes","1"
"listNetworkACLLists","Verb","Plural","Camel","No","No","Yes","1"
"listNetscalerLoadBalancers","Verb","Plural","Camel","No","No","Yes","1"
"listNetscalerLoadBalancerNetworks","Verb","Plural","Camel","No","No","Yes","1"
"listLunsOnFiler","Verb","Singular","Camel","No","No","Yes","1"
"listLoadBalancers","Verb","Plural","Camel","No","No","Yes","1"
"listLoadBalancerRules","Verb","Plural","Camel","No","No","Yes","1"
"listLoadBalancerRuleInstances","Verb","Plural","Camel","No","No","Yes","1"
"listLdapUsers","Verb","Plural","Camel","No","No","Yes","1"
"listLdapConfigurations","Verb","Plural","Camel","No","No","Yes","1"
"listLBStickinessPolicies","Verb","Plural","Camel","No","No","Yes","1"
"listLBHealthCheckPolicies","Verb","Plural","Camel","No","No","Yes","1"
"listIsos","Verb","Plural","Camel","No","No","Yes","1"
"listIsoPermissions","Verb","Plural","Camel","No","No","Yes","1"
"listIpForwardingRules","Verb","Plural","Camel","No","No","Yes","1"
"listInternalLoadBalancerVMs","Verb","Plural","Camel","No","No","Yes","1"
"listInternalLoadBalancerElements","Verb","Plural","Camel","No","No","Yes","1"
"listInstanceGroups","Verb","Plural","Camel","No","No","Yes","1"
"listImageStores","Verb","Plural","Camel","No","No","Yes","1"
"listIdps","Verb","Plural","Camel","No","No","Yes","1"
"listHypervisors","Verb","Plural","Camel","No","No","Yes","1"
"listHypervisorCapabilities","Verb","Plural","Camel","No","No","Yes","1"
"listHosts","Verb","Plural","Camel","No","No","Yes","1"
"listHostTags","Verb","Plural","Camel","No","No","Yes","1"
"listGuestOsMapping","Verb","Singular","Camel","No","No","Yes","1"
"listGlobalLoadBalancerRules","Verb","Plural","Camel","No","No","Yes","1"
"listFirewallRules","Verb","Plural","Camel","No","No","Yes","1"
"listF5LoadBalancers","Verb","Plural","Camel","No","No","Yes","1"
"listF5LoadBalancerNetworks","Verb","Plural","Camel","No","No","Yes","1"
"listExternalLoadBalancers","Verb","Plural","Camel","No","No","Yes","1"
"listExternalFirewalls","Verb","Plural","Camel","No","No","Yes","1"
"listEvents","Verb","Plural","Camel","No","No","Yes","1"
"listEventTypes","Verb","Plural","Camel","No","No","Yes","1"
"listEgressFirewallRules","Verb","Plural","Camel","No","No","Yes","1"
"listDomains","Verb","Plural","Camel","No","No","Yes","1"
"listDomainChildren","Verb","Singular","Camel","No","No","Yes","1"
"listDiskOfferings","Verb","Plural","Camel","No","No","Yes","1"
"listDeploymentPlanners","Verb","Plural","Camel","No","No","Yes","1"
"listDedicatedZones","Verb","Plural","Camel","No","No","Yes","1"
"listDedicatedPods","Verb","Plural","Camel","No","No","Yes","1"
"listDedicatedHosts","Verb","Plural","Camel","No","No","Yes","1"
"listDedicatedGuestVlanRanges","Verb","Plural","Camel","No","No","Yes","1"
"listDedicatedClusters","Verb","Plural","Camel","No","No","Yes","1"
"listCounters","Verb","Plural","Camel","No","No","Yes","1"
"listConfigurations","Verb","Plural","Camel","No","No","Yes","1"
"listConditions","Verb","Plural","Camel","No","No","Yes","1"
"listClusters","Verb","Plural","Camel","No","No","Yes","1"
"listCiscoVnmcResources","Verb","Plural","Camel","No","No","Yes","1"
"listCiscoNexusVSMs","Verb","Plural","Camel","No","No","Yes","1"
"listCiscoAsa1000vResources","Verb","Plural","Camel","No","No","Yes","1"
"listCapacity","Verb","Singular","Camel","No","No","Yes","1"
"listCapabilities","Verb","Plural","Camel","No","No","Yes","1"
"listBrocadeVcsDevices","Verb","Plural","Camel","No","No","Yes","1"
"listBrocadeVcsDeviceNetworks","Verb","Plural","Camel","No","No","Yes","1"
"listBigSwitchBcfDevices","Verb","Plural","Camel","No","No","Yes","1"
"listBaremetalRct","Verb","Singular","Camel","No","No","Yes","1"
"listBaremetalPxeServers","Verb","Plural","Camel","No","No","Yes","1"
"listBaremetalDhcp","Verb","Singular","Camel","No","No","Yes","1"
"listAutoScaleVmProfiles","Verb","Plural","Camel","No","No","Yes","1"
"listAutoScaleVmGroups","Verb","Plural","Camel","No","No","Yes","1"
"listAutoScalePolicies","Verb","Plural","Camel","No","No","Yes","1"
"listAsyncJobs","Verb","Plural","Camel","No","No","Yes","1"
"listApis","Verb","Plural","Camel","No","No","Yes","1"
"listAndSwitchSamlAccount","Verb","Singular","Camel","No","No","Yes","1"
"listAlerts","Verb","Plural","Camel","No","No","Yes","1"
"listAffinityGroups","Verb","Plural","Camel","No","No","Yes","1"
"listAffinityGroupTypes","Verb","Plural","Camel","No","No","Yes","1"
"listAccounts","Verb","Plural","Camel","No","No","Yes","1"
"linkDomainToLdap","Verb","Singular","Camel","No","No","Yes","1"
"ldapRemove","Verb","Singular","Camel","No","No","Yes","1"
"ldapCreateAccount","Verb","Singular","Camel","No","No","Yes","1"
"ldapConfig","Verb","Singular","Camel","No","No","Yes","1"
"issueOutOfBandManagementPowerAction","Verb","Singular","Camel","No","No","Yes","1"
"importLdapUsers","Verb","Plural","Camel","No","No","Yes","1"
"getVolumeiScsiName","Verb","Singular","Camel","No","No","Yes","1"
"getVolumeSnapshotDetails","Verb","Plural","Camel","No","No","Yes","1"
"getVirtualMachineUserData","Verb","Singular","Camel","No","No","Yes","1"
"getVMPassword","Verb","Singular","Camel","No","No","Yes","1"
"getUser","Verb","Singular","Camel","No","No","Yes","1"
"getUploadParamsForVolume","Verb","Singular","Camel","No","No","Yes","1"
"getUploadParamsForTemplate","Verb","Singular","Camel","No","No","Yes","1"
"getSolidFireVolumeSize","Verb","Singular","Camel","No","No","Yes","1"
"getSolidFireVolumeAccessGroupId","Verb","Singular","Camel","No","No","Yes","1"
"getSolidFireAccountId","Verb","Singular","Camel","No","No","Yes","1"
"getSPMetadata","Verb","Singular","Camel","No","No","Yes","1"
"getPathForVolume","Verb","Singular","Camel","No","No","Yes","1"
"getCloudIdentifier","Verb","Singular","Camel","No","No","Yes","1"
"getApiLimit","Verb","Singular","Camel","No","No","Yes","1"
"generateUsageRecords","Verb","Plural","Camel","No","No","Yes","1"
"generateAlert","Verb","Singular","Camel","No","No","Yes","1"
"findStoragePoolsForMigration","Verb","Singular","Camel","No","No","Yes","1"
"findHostsForMigration","Verb","Singular","Camel","No","No","Yes","1"
"extractVolume","Verb","Singular","Camel","No","No","Yes","1"
"extractTemplate","Verb","Singular","Camel","No","No","Yes","1"
"extractIso","Verb","Singular","Camel","No","No","Yes","1"
"expungeVirtualMachine","Verb","Singular","Camel","No","No","Yes","1"
"enableUser","Verb","Singular","Camel","No","No","Yes","1"
"enableStorageMaintenance","Verb","Singular","Camel","No","No","Yes","1"
"enableStaticNat","Verb","Singular","Camel","No","No","Yes","1"
"enableOutOfBandManagementForZone","Verb","Singular","Camel","No","No","Yes","1"
"enableOutOfBandManagementForHost","Verb","Singular","Camel","No","No","Yes","1"
"enableOutOfBandManagementForCluster","Verb","Singular","Camel","No","No","Yes","1"
"enableCiscoNexusVSM","Verb","Singular","Camel","No","No","Yes","1"
"enableAutoScaleVmGroup","Verb","Singular","Camel","No","No","Yes","1"
"enableAccount","Verb","Singular","Camel","No","No","Yes","1"
"dissociateLun","Verb","Singular","Camel","No","No","Yes","1"
"disassociateIpAddress","Verb","Plural","Camel","No","No","Yes","1"
"disableUser","Verb","Singular","Camel","No","No","Yes","1"
"disableStaticNat","Verb","Singular","Camel","No","No","Yes","1"
"disableOutOfBandManagementForZone","Verb","Singular","Camel","No","No","Yes","1"
"disableOutOfBandManagementForHost","Verb","Singular","Camel","No","No","Yes","1"
"disableOutOfBandManagementForCluster","Verb","Singular","Camel","No","No","Yes","1"
"disableCiscoNexusVSM","Verb","Singular","Camel","No","No","Yes","1"
"disableAutoScaleVmGroup","Verb","Singular","Camel","No","No","Yes","1"
"disableAccount","Verb","Singular","Camel","No","No","Yes","1"
"detachVolume","Verb","Singular","Camel","No","No","Yes","1"
"detachIso","Verb","Singular","Camel","No","No","Yes","1"
"destroyVolumeOnFiler","Verb","Singular","Camel","No","No","Yes","1"
"destroyVirtualMachine","Verb","Singular","Camel","No","No","Yes","1"
"destroySystemVm","Verb","Singular","Camel","No","No","Yes","1"
"destroyRouter","Verb","Singular","Camel","No","No","Yes","1"
"destroyLunOnFiler","Verb","Singular","Camel","No","No","Yes","1"
"deployVirtualMachine","Verb","Singular","Camel","No","No","Yes","1"
"deleteZone","Verb","Singular","Camel","No","No","Yes","1"
"deleteVpnGateway","Verb","Singular","Camel","No","No","Yes","1"
"deleteVpnCustomerGateway","Verb","Singular","Camel","No","No","Yes","1"
"deleteVpnConnection","Verb","Singular","Camel","No","No","Yes","1"
"deleteVolume","Verb","Singular","Camel","No","No","Yes","1"
"deleteVlanIpRange","Verb","Singular","Camel","No","No","Yes","1"
"deleteVPCOffering","Verb","Singular","Camel","No","No","Yes","1"
"deleteVPC","Verb","Singular","Camel","No","No","Yes","1"
"deleteVMSnapshot","Verb","Singular","Camel","No","No","Yes","1"
"deleteUser","Verb","Singular","Camel","No","No","Yes","1"
"deleteUcsManager","Verb","Singular","Camel","No","No","Yes","1"
"deleteTrafficType","Verb","Singular","Camel","No","No","Yes","1"
"deleteTrafficMonitor","Verb","Singular","Camel","No","No","Yes","1"
"deleteTemplate","Verb","Singular","Camel","No","No","Yes","1"
"deleteTags","Verb","Plural","Camel","No","No","Yes","1"
"deleteStratosphereSsp","Verb","Singular","Camel","No","No","Yes","1"
"deleteStoragePool","Verb","Singular","Camel","No","No","Yes","1"
"deleteStorageNetworkIpRange","Verb","Singular","Camel","No","No","Yes","1"
"deleteStaticRoute","Verb","Singular","Camel","No","No","Yes","1"
"deleteSslCert","Verb","Singular","Camel","No","No","Yes","1"
"deleteSrxFirewall","Verb","Singular","Camel","No","No","Yes","1"
"deleteSnapshotPolicies","Verb","Plural","Camel","No","No","Yes","1"
"deleteSnapshot","Verb","Singular","Camel","No","No","Yes","1"
"deleteServiceOffering","Verb","Singular","Camel","No","No","Yes","1"
"deleteSecurityGroup","Verb","Singular","Camel","No","No","Yes","1"
"deleteSecondaryStagingStore","Verb","Singular","Camel","No","No","Yes","1"
"deleteSSHKeyPair","Verb","Singular","Camel","No","No","Yes","1"
"deleteRolePermission","Verb","Singular","Camel","No","No","Yes","1"
"deleteRole","Verb","Singular","Camel","No","No","Yes","1"
"deleteRemoteAccessVpn","Verb","Singular","Camel","No","No","Yes","1"
"deleteProjectInvitation","Verb","Singular","Camel","No","No","Yes","1"
"deleteProject","Verb","Singular","Camel","No","No","Yes","1"
"deletePrivateGateway","Verb","Singular","Camel","No","No","Yes","1"
"deletePortableIpRange","Verb","Singular","Camel","No","No","Yes","1"
"deletePortForwardingRule","Verb","Singular","Camel","No","No","Yes","1"
"deletePool","Verb","Singular","Camel","No","No","Yes","1"
"deletePod","Verb","Singular","Camel","No","No","Yes","1"
"deletePhysicalNetwork","Verb","Singular","Camel","No","No","Yes","1"
"deletePaloAltoFirewall","Verb","Singular","Camel","No","No","Yes","1"
"deleteOpenDaylightController","Verb","Singular","Camel","No","No","Yes","1"
"deleteNuageVspDevice","Verb","Singular","Camel","No","No","Yes","1"
"deleteNiciraNvpDevice","Verb","Singular","Camel","No","No","Yes","1"
"deleteNetworkServiceProvider","Verb","Singular","Camel","No","No","Yes","1"
"deleteNetworkOffering","Verb","Singular","Camel","No","No","Yes","1"
"deleteNetworkDevice","Verb","Singular","Camel","No","No","Yes","1"
"deleteNetworkACLList","Verb","Singular","Camel","No","No","Yes","1"
"deleteNetworkACL","Verb","Singular","Camel","No","No","Yes","1"
"deleteNetwork","Verb","Singular","Camel","No","No","Yes","1"
"deleteNetscalerLoadBalancer","Verb","Singular","Camel","No","No","Yes","1"
"deleteLoadBalancerRule","Verb","Singular","Camel","No","No","Yes","1"
"deleteLoadBalancer","Verb","Singular","Camel","No","No","Yes","1"
"deleteLdapConfiguration","Verb","Singular","Camel","No","No","Yes","1"
"deleteLBStickinessPolicy","Verb","Singular","Camel","No","No","Yes","1"
"deleteLBHealthCheckPolicy","Verb","Singular","Camel","No","No","Yes","1"
"deleteIso","Verb","Singular","Camel","No","No","Yes","1"
"deleteIpForwardingRule","Verb","Singular","Camel","No","No","Yes","1"
"deleteInstanceGroup","Verb","Singular","Camel","No","No","Yes","1"
"deleteImageStore","Verb","Singular","Camel","No","No","Yes","1"
"deleteHost","Verb","Singular","Camel","No","No","Yes","1"
"deleteGlobalLoadBalancerRule","Verb","Singular","Camel","No","No","Yes","1"
"deleteFirewallRule","Verb","Singular","Camel","No","No","Yes","1"
"deleteF5LoadBalancer","Verb","Singular","Camel","No","No","Yes","1"
"deleteExternalLoadBalancer","Verb","Singular","Camel","No","No","Yes","1"
"deleteExternalFirewall","Verb","Singular","Camel","No","No","Yes","1"
"deleteEvents","Verb","Plural","Camel","No","No","Yes","1"
"deleteEgressFirewallRule","Verb","Singular","Camel","No","No","Yes","1"
"deleteDomain","Verb","Singular","Camel","No","No","Yes","1"
"deleteDiskOffering","Verb","Singular","Camel","No","No","Yes","1"
"deleteCounter","Verb","Singular","Camel","No","No","Yes","1"
"deleteCondition","Verb","Singular","Camel","No","No","Yes","1"
"deleteCluster","Verb","Singular","Camel","No","No","Yes","1"
"deleteCiscoVnmcResource","Verb","Singular","Camel","No","No","Yes","1"
"deleteCiscoNexusVSM","Verb","Singular","Camel","No","No","Yes","1"
"deleteCiscoAsa1000vResource","Verb","Singular","Camel","No","No","Yes","1"
"deleteBrocadeVcsDevice","Verb","Singular","Camel","No","No","Yes","1"
"deleteBigSwitchBcfDevice","Verb","Singular","Camel","No","No","Yes","1"
"deleteBaremetalRct","Verb","Singular","Camel","No","No","Yes","1"
"deleteAutoScaleVmProfile","Verb","Singular","Camel","No","No","Yes","1"
"deleteAutoScaleVmGroup","Verb","Singular","Camel","No","No","Yes","1"
"deleteAutoScalePolicy","Verb","Singular","Camel","No","No","Yes","1"
"deleteAlerts","Verb","Plural","Camel","No","No","Yes","1"
"deleteAffinityGroup","Verb","Singular","Camel","No","No","Yes","1"
"deleteAccountFromProject","Verb","Singular","Camel","No","No","Yes","1"
"deleteAccount","Verb","Singular","Camel","No","No","Yes","1"
"dedicateZone","Verb","Singular","Camel","No","No","Yes","1"
"dedicatePublicIpRange","Verb","Singular","Camel","No","No","Yes","1"
"dedicatePod","Verb","Singular","Camel","No","No","Yes","1"
"dedicateHost","Verb","Singular","Camel","No","No","Yes","1"
"dedicateGuestVlanRange","Verb","Singular","Camel","No","No","Yes","1"
"dedicateCluster","Verb","Singular","Camel","No","No","Yes","1"
"createZone","Verb","Singular","Camel","No","No","Yes","1"
"createVpnGateway","Verb","Singular","Camel","No","No","Yes","1"
"createVpnCustomerGateway","Verb","Singular","Camel","No","No","Yes","1"
"createVpnConnection","Verb","Singular","Camel","No","No","Yes","1"
"createVolumeOnFiler","Verb","Singular","Camel","No","No","Yes","1"
"createVolume","Verb","Singular","Camel","No","No","Yes","1"
"createVlanIpRange","Verb","Singular","Camel","No","No","Yes","1"
"createVirtualRouterElement","Verb","Singular","Camel","No","No","Yes","1"
"createVPCOffering","Verb","Singular","Camel","No","No","Yes","1"
"createVPC","Verb","Singular","Camel","No","No","Yes","1"
"createVMSnapshot","Verb","Singular","Camel","No","No","Yes","1"
"createUser","Verb","Singular","Camel","No","No","Yes","1"
"createTemplate","Verb","Singular","Camel","No","No","Yes","1"
"createTags","Verb","Plural","Camel","No","No","Yes","1"
"createStoragePool","Verb","Singular","Camel","No","No","Yes","1"
"createStorageNetworkIpRange","Verb","Singular","Camel","No","No","Yes","1"
"createStaticRoute","Verb","Singular","Camel","No","No","Yes","1"
"createSnapshotPolicy","Verb","Singular","Camel","No","No","Yes","1"
"createSnapshot","Verb","Singular","Camel","No","No","Yes","1"
"createServiceOffering","Verb","Singular","Camel","No","No","Yes","1"
"createServiceInstance","Verb","Singular","Camel","No","No","Yes","1"
"createSecurityGroup","Verb","Singular","Camel","No","No","Yes","1"
"createSecondaryStagingStore","Verb","Singular","Camel","No","No","Yes","1"
"createSSHKeyPair","Verb","Singular","Camel","No","No","Yes","1"
"createRolePermission","Verb","Singular","Camel","No","No","Yes","1"
"createRole","Verb","Singular","Camel","No","No","Yes","1"
"createRemoteAccessVpn","Verb","Singular","Camel","No","No","Yes","1"
"createProject","Verb","Singular","Camel","No","No","Yes","1"
"createPrivateGateway","Verb","Singular","Camel","No","No","Yes","1"
"createPortableIpRange","Verb","Singular","Camel","No","No","Yes","1"
"createPortForwardingRule","Verb","Singular","Camel","No","No","Yes","1"
"createPool","Verb","Singular","Camel","No","No","Yes","1"
"createPod","Verb","Singular","Camel","No","No","Yes","1"
"createPhysicalNetwork","Verb","Singular","Camel","No","No","Yes","1"
"createNetworkOffering","Verb","Singular","Camel","No","No","Yes","1"
"createNetworkACLList","Verb","Singular","Camel","No","No","Yes","1"
"createNetworkACL","Verb","Singular","Camel","No","No","Yes","1"
"createNetwork","Verb","Singular","Camel","No","No","Yes","1"
"createLunOnFiler","Verb","Singular","Camel","No","No","Yes","1"
"createLoadBalancerRule","Verb","Singular","Camel","No","No","Yes","1"
"createLoadBalancer","Verb","Singular","Camel","No","No","Yes","1"
"createLBStickinessPolicy","Verb","Singular","Camel","No","No","Yes","1"
"createLBHealthCheckPolicy","Verb","Singular","Camel","No","No","Yes","1"
"createIpForwardingRule","Verb","Singular","Camel","No","No","Yes","1"
"createInternalLoadBalancerElement","Verb","Singular","Camel","No","No","Yes","1"
"createInstanceGroup","Verb","Singular","Camel","No","No","Yes","1"
"createGlobalLoadBalancerRule","Verb","Singular","Camel","No","No","Yes","1"
"createFirewallRule","Verb","Singular","Camel","No","No","Yes","1"
"createEgressFirewallRule","Verb","Singular","Camel","No","No","Yes","1"
"createDomain","Verb","Singular","Camel","No","No","Yes","1"
"createDiskOffering","Verb","Singular","Camel","No","No","Yes","1"
"createCounter","Verb","Singular","Camel","No","No","Yes","1"
"createCondition","Verb","Singular","Camel","No","No","Yes","1"
"createAutoScaleVmProfile","Verb","Singular","Camel","No","No","Yes","1"
"createAutoScaleVmGroup","Verb","Singular","Camel","No","No","Yes","1"
"createAutoScalePolicy","Verb","Singular","Camel","No","No","Yes","1"
"createAffinityGroup","Verb","Singular","Camel","No","No","Yes","1"
"createAccount","Verb","Singular","Camel","No","No","Yes","1"
"copyTemplate","Verb","Singular","Camel","No","No","Yes","1"
"copyIso","Verb","Singular","Camel","No","No","Yes","1"
"configureVirtualRouterElement","Verb","Singular","Camel","No","No","Yes","1"
"configureSrxFirewall","Verb","Singular","Camel","No","No","Yes","1"
"configurePaloAltoFirewall","Verb","Singular","Camel","No","No","Yes","1"
"configureOvsElement","Verb","Singular","Camel","No","No","Yes","1"
"configureOutOfBandManagement","Verb","Singular","Camel","No","No","Yes","1"
"configureNetscalerLoadBalancer","Verb","Singular","Camel","No","No","Yes","1"
"configureInternalLoadBalancerElement","Verb","Singular","Camel","No","No","Yes","1"
"configureF5LoadBalancer","Verb","Singular","Camel","No","No","Yes","1"
"cleanVMReservations","Verb","Plural","Camel","No","No","Yes","1"
"changeServiceForVirtualMachine","Verb","Singular","Camel","No","No","Yes","1"
"changeServiceForSystemVm","Verb","Singular","Camel","No","No","Yes","1"
"changeServiceForRouter","Verb","Singular","Camel","No","No","Yes","1"
"changeOutOfBandManagementPassword","Verb","Singular","Camel","No","No","Yes","1"
"cancelStorageMaintenance","Verb","Singular","Camel","No","No","Yes","1"
"cancelHostMaintenance","Verb","Singular","Camel","No","No","Yes","1"
"authorizeSecurityGroupIngress","Verb","Plural","Camel","No","No","Yes","1"
"authorizeSecurityGroupEgress","Verb","Plural","Camel","No","No","Yes","1"
"authorizeSamlSso","Verb","Singular","Camel","No","No","Yes","1"
"attachVolume","Verb","Singular","Camel","No","No","Yes","1"
"attachIso","Verb","Singular","Camel","No","No","Yes","1"
"associateUcsProfileToBlade","Verb","Singular","Camel","No","No","Yes","1"
"associateLun","Verb","Singular","Camel","No","No","Yes","1"
"associateIpAddress","Verb","Plural","Camel","No","No","Yes","1"
"assignVirtualMachine","Verb","Singular","Camel","No","No","Yes","1"
"assignToLoadBalancerRule","Verb","Singular","Camel","No","No","Yes","1"
"assignToGlobalLoadBalancerRule","Verb","Singular","Camel","No","No","Yes","1"
"assignCertToLoadBalancer","Verb","Singular","Camel","No","No","Yes","1"
"archiveEvents","Verb","Plural","Camel","No","No","Yes","1"
"archiveAlerts","Verb","Plural","Camel","No","No","Yes","1"
"addVpnUser","Verb","Singular","Camel","No","No","Yes","1"
"addVmwareDc","Verb","Singular","Camel","No","No","Yes","1"
"addUcsManager","Verb","Singular","Camel","No","No","Yes","1"
"addTrafficType","Verb","Singular","Camel","No","No","Yes","1"
"addTrafficMonitor","Verb","Singular","Camel","No","No","Yes","1"
"addSwift","Verb","Singular","Camel","No","No","Yes","1"
"addStratosphereSsp","Verb","Singular","Camel","No","No","Yes","1"
"addSrxFirewall","Verb","Singular","Camel","No","No","Yes","1"
"addSecondaryStorage","Verb","Singular","Camel","No","No","Yes","1"
"addResourceDetail","Verb","Singular","Camel","No","No","Yes","1"
"addRegion","Verb","Singular","Camel","No","No","Yes","1"
"addPaloAltoFirewall","Verb","Singular","Camel","No","No","Yes","1"
"addOpenDaylightController","Verb","Singular","Camel","No","No","Yes","1"
"addNuageVspDevice","Verb","Singular","Camel","No","No","Yes","1"
"addNiciraNvpDevice","Verb","Singular","Camel","No","No","Yes","1"
"addNicToVirtualMachine","Verb","Singular","Camel","No","No","Yes","1"
"addNetworkServiceProvider","Verb","Singular","Camel","No","No","Yes","1"
"addNetworkDevice","Verb","Singular","Camel","No","No","Yes","1"
"addNetscalerLoadBalancer","Verb","Singular","Camel","No","No","Yes","1"
"addLdapConfiguration","Verb","Singular","Camel","No","No","Yes","1"
"addIpToNic","Verb","Singular","Camel","No","No","Yes","1"
"addImageStoreS3","Verb","Singular","Camel","No","No","Yes","1"
"addImageStore","Verb","Singular","Camel","No","No","Yes","1"
"addHost","Verb","Singular","Camel","No","No","Yes","1"
"addGuestOsMapping","Verb","Singular","Camel","No","No","Yes","1"
"addGuestOs","Verb","Plural","Camel","No","No","Yes","1"
"addGloboDnsHost","Verb","Singular","Camel","No","No","Yes","1"
"addF5LoadBalancer","Verb","Singular","Camel","No","No","Yes","1"
"addExternalLoadBalancer","Verb","Singular","Camel","No","No","Yes","1"
"addExternalFirewall","Verb","Singular","Camel","No","No","Yes","1"
"addCluster","Verb","Singular","Camel","No","No","Yes","1"
"addCiscoVnmcResource","Verb","Singular","Camel","No","No","Yes","1"
"addCiscoAsa1000vResource","Verb","Singular","Camel","No","No","Yes","1"
"addBrocadeVcsDevice","Verb","Singular","Camel","No","No","Yes","1"
"addBigSwitchBcfDevice","Verb","Singular","Camel","No","No","Yes","1"
"addBaremetalRct","Verb","Singular","Camel","No","No","Yes","1"
"addBaremetalPxePingServer","Verb","Singular","Camel","No","No","Yes","1"
"addBaremetalPxeKickStartServer","Verb","Singular","Camel","No","No","Yes","1"
"addBaremetalHost","Verb","Singular","Camel","No","No","Yes","1"
"addBaremetalDhcp","Verb","Singular","Camel","No","No","Yes","1"
"addAccountToProject","Verb","Singular","Camel","No","No","Yes","1"
"activateProject","Verb","Singular","Camel","No","No","Yes","1"
